idProject,Name,Description,startDate,endDate,Status
1,Immeuble résidentiel,Projet Immeuble résidentiel pour l'amélioration des infrastructures.,2020-07-22,2021-05-22,COMPLETED
2,Rénovation de route,Projet Rénovation de route pour l'amélioration des infrastructures.,2020-11-04,2023-07-04,DELAYED
3,Stade de football,Projet Stade de football pour l'amélioration des infrastructures.,2020-10-22,2022-03-22,DELAYED
4,Stade de football,Projet Stade de football pour l'amélioration des infrastructures.,2020-09-15,2024-02-15,DELAYED
5,Aéroport régional,Projet Aéroport régional pour l'amélioration des infrastructures.,2020-10-06,2021-05-06,DELAYED
6,Immeuble résidentiel,Projet Immeuble résidentiel pour l'amélioration des infrastructures.,2020-05-25,2022-08-25,ON_GOING
7,Hôpital public,Projet Hôpital public pour l'amélioration des infrastructures.,2020-07-07,2023-04-07,DELAYED
8,Centre commercial,Projet Centre commercial pour l'amélioration des infrastructures.,2020-07-04,2023-10-04,ON_GOING
9,Construction de pont,Projet Construction de pont pour l'amélioration des infrastructures.,2020-09-16,2024-01-16,DELAYED
10,Hôpital public,Projet Hôpital public pour l'amélioration des infrastructures.,2020-05-25,2022-04-25,DELAYED
11,Immeuble résidentiel,Projet Immeuble résidentiel pour l'amélioration des infrastructures.,2020-04-19,2022-04-19,ON_GOING
12,École primaire,Projet École primaire pour l'amélioration des infrastructures.,2020-10-09,2021-10-09,ON_GOING
13,Usine de production,Projet Usine de production pour l'amélioration des infrastructures.,2020-08-09,2021-06-09,DELAYED
14,Logements sociaux,Projet Logements sociaux pour l'amélioration des infrastructures.,2020-04-20,2023-01-20,DELAYED
15,Aéroport régional,Projet Aéroport régional pour l'amélioration des infrastructures.,2020-11-19,2022-11-19,ON_GOING
16,Immeuble résidentiel,Projet Immeuble résidentiel pour l'amélioration des infrastructures.,2020-03-27,2023-10-27,DELAYED
17,Aéroport régional,Projet Aéroport régional pour l'amélioration des infrastructures.,2020-01-14,2023-02-14,DELAYED
18,Aéroport régional,Projet Aéroport régional pour l'amélioration des infrastructures.,2020-06-08,2021-05-08,DELAYED
19,Hôpital public,Projet Hôpital public pour l'amélioration des infrastructures.,2020-02-23,2020-10-23,DELAYED
20,Hôpital public,Projet Hôpital public pour l'amélioration des infrastructures.,2020-05-19,2021-09-19,ON_GOING
21,Aéroport régional,Projet Aéroport régional pour l'amélioration des infrastructures.,2020-08-13,2022-06-13,DELAYED
22,Barrage hydroélectrique,Projet Barrage hydroélectrique pour l'amélioration des infrastructures.,2020-10-04,2022-11-04,ON_GOING
23,Barrage hydroélectrique,Projet Barrage hydroélectrique pour l'amélioration des infrastructures.,2020-11-05,2024-04-05,DELAYED
24,Usine de production,Projet Usine de production pour l'amélioration des infrastructures.,2020-10-27,2023-07-27,ON_GOING
25,Construction de pont,Projet Construction de pont pour l'amélioration des infrastructures.,2020-06-25,2022-05-25,DELAYED
26,Barrage hydroélectrique,Projet Barrage hydroélectrique pour l'amélioration des infrastructures.,2020-08-22,2022-02-22,ON_GOING
27,Aéroport régional,Projet Aéroport régional pour l'amélioration des infrastructures.,2020-10-20,2021-04-20,ON_GOING
28,Construction de pont,Projet Construction de pont pour l'amélioration des infrastructures.,2020-12-12,2024-12-12,ON_GOING
29,Centre commercial,Projet Centre commercial pour l'amélioration des infrastructures.,2020-07-13,2023-12-13,DELAYED
30,École primaire,Projet École primaire pour l'amélioration des infrastructures.,2020-12-25,2021-08-25,DELAYED
31,Usine de production,Projet Usine de production pour l'amélioration des infrastructures.,2020-06-01,2023-05-01,ON_GOING
32,Rénovation de route,Projet Rénovation de route pour l'amélioration des infrastructures.,2020-05-22,2022-04-22,DELAYED
33,Immeuble résidentiel,Projet Immeuble résidentiel pour l'amélioration des infrastructures.,2020-02-01,2022-03-01,DELAYED
34,Hôpital public,Projet Hôpital public pour l'amélioration des infrastructures.,2020-07-07,2023-09-07,DELAYED
35,Construction de pont,Projet Construction de pont pour l'amélioration des infrastructures.,2020-04-07,2022-07-07,COMPLETED
36,Stade de football,Projet Stade de football pour l'amélioration des infrastructures.,2020-01-26,2021-04-26,DELAYED
37,Usine de production,Projet Usine de production pour l'amélioration des infrastructures.,2020-07-27,2023-06-27,DELAYED
38,Immeuble résidentiel,Projet Immeuble résidentiel pour l'amélioration des infrastructures.,2020-10-10,2022-09-10,COMPLETED
39,Tour d’affaires,Projet Tour d’affaires pour l'amélioration des infrastructures.,2020-11-05,2022-10-05,ON_GOING
40,Centre commercial,Projet Centre commercial pour l'amélioration des infrastructures.,2020-04-17,2022-05-17,ON_GOING
41,Centre commercial,Projet Centre commercial pour l'amélioration des infrastructures.,2020-11-16,2024-10-16,DELAYED
42,Hôpital public,Projet Hôpital public pour l'amélioration des infrastructures.,2020-01-26,2021-05-26,ON_GOING
43,Aéroport régional,Projet Aéroport régional pour l'amélioration des infrastructures.,2020-10-27,2024-01-27,DELAYED
44,Tour d’affaires,Projet Tour d’affaires pour l'amélioration des infrastructures.,2020-08-08,2021-07-08,DELAYED
45,Immeuble résidentiel,Projet Immeuble résidentiel pour l'amélioration des infrastructures.,2020-06-24,2020-12-24,ON_GOING
46,Aéroport régional,Projet Aéroport régional pour l'amélioration des infrastructures.,2020-09-18,2022-09-18,DELAYED
47,Immeuble résidentiel,Projet Immeuble résidentiel pour l'amélioration des infrastructures.,2020-07-21,2021-04-21,ON_GOING
48,Usine de production,Projet Usine de production pour l'amélioration des infrastructures.,2020-10-08,2023-01-08,ON_GOING
49,Tour d’affaires,Projet Tour d’affaires pour l'amélioration des infrastructures.,2020-11-18,2023-10-18,ON_GOING
50,Immeuble résidentiel,Projet Immeuble résidentiel pour l'amélioration des infrastructures.,2020-03-06,2023-08-06,DELAYED
51,Hôpital public,Projet Hôpital public pour l'amélioration des infrastructures.,2020-12-25,2024-11-25,DELAYED
52,Stade de football,Projet Stade de football pour l'amélioration des infrastructures.,2020-08-18,2021-12-18,DELAYED
53,Stade de football,Projet Stade de football pour l'amélioration des infrastructures.,2020-09-28,2024-04-28,DELAYED
54,Centre commercial,Projet Centre commercial pour l'amélioration des infrastructures.,2020-08-09,2021-05-09,ON_GOING
55,Aéroport régional,Projet Aéroport régional pour l'amélioration des infrastructures.,2020-09-21,2022-11-21,DELAYED
56,Centre commercial,Projet Centre commercial pour l'amélioration des infrastructures.,2020-08-10,2022-10-10,DELAYED
57,Stade de football,Projet Stade de football pour l'amélioration des infrastructures.,2020-06-28,2023-07-28,ON_GOING
58,Stade de football,Projet Stade de football pour l'amélioration des infrastructures.,2020-08-18,2021-07-18,DELAYED
59,Usine de production,Projet Usine de production pour l'amélioration des infrastructures.,2020-01-22,2023-07-22,ON_GOING
60,Barrage hydroélectrique,Projet Barrage hydroélectrique pour l'amélioration des infrastructures.,2020-06-18,2023-12-18,ON_GOING
61,Construction de pont,Projet Construction de pont pour l'amélioration des infrastructures.,2020-09-03,2022-07-03,DELAYED
62,Tour d’affaires,Projet Tour d’affaires pour l'amélioration des infrastructures.,2020-06-10,2021-11-10,COMPLETED
63,Barrage hydroélectrique,Projet Barrage hydroélectrique pour l'amélioration des infrastructures.,2020-03-03,2023-05-03,DELAYED
64,Barrage hydroélectrique,Projet Barrage hydroélectrique pour l'amélioration des infrastructures.,2020-12-26,2023-10-26,DELAYED
65,Stade de football,Projet Stade de football pour l'amélioration des infrastructures.,2020-01-16,2024-01-16,DELAYED
66,Tour d’affaires,Projet Tour d’affaires pour l'amélioration des infrastructures.,2020-03-28,2021-06-28,DELAYED
67,Aéroport régional,Projet Aéroport régional pour l'amélioration des infrastructures.,2020-08-05,2021-02-05,DELAYED
68,Stade de football,Projet Stade de football pour l'amélioration des infrastructures.,2020-01-10,2023-03-10,ON_GOING
69,École primaire,Projet École primaire pour l'amélioration des infrastructures.,2020-12-04,2021-10-04,ON_GOING
70,Hôpital public,Projet Hôpital public pour l'amélioration des infrastructures.,2020-11-28,2021-05-28,DELAYED
71,Usine de production,Projet Usine de production pour l'amélioration des infrastructures.,2020-06-23,2023-12-23,DELAYED
72,Logements sociaux,Projet Logements sociaux pour l'amélioration des infrastructures.,2020-06-21,2023-04-21,ON_GOING
73,Immeuble résidentiel,Projet Immeuble résidentiel pour l'amélioration des infrastructures.,2020-09-11,2022-09-11,ON_GOING
74,Centre commercial,Projet Centre commercial pour l'amélioration des infrastructures.,2020-12-08,2021-07-08,DELAYED
75,Logements sociaux,Projet Logements sociaux pour l'amélioration des infrastructures.,2020-05-01,2023-02-01,COMPLETED
76,École primaire,Projet École primaire pour l'amélioration des infrastructures.,2020-07-21,2023-09-21,DELAYED
77,Barrage hydroélectrique,Projet Barrage hydroélectrique pour l'amélioration des infrastructures.,2020-01-09,2023-09-09,DELAYED
78,Centre commercial,Projet Centre commercial pour l'amélioration des infrastructures.,2020-02-19,2022-09-19,DELAYED
79,Construction de pont,Projet Construction de pont pour l'amélioration des infrastructures.,2020-12-22,2024-01-22,ON_GOING
80,Immeuble résidentiel,Projet Immeuble résidentiel pour l'amélioration des infrastructures.,2020-05-12,2022-06-12,COMPLETED
81,Immeuble résidentiel,Projet Immeuble résidentiel pour l'amélioration des infrastructures.,2020-01-13,2021-08-13,DELAYED
82,Tour d’affaires,Projet Tour d’affaires pour l'amélioration des infrastructures.,2020-08-08,2023-02-08,ON_GOING
83,Hôpital public,Projet Hôpital public pour l'amélioration des infrastructures.,2020-02-09,2021-12-09,ON_GOING
84,Immeuble résidentiel,Projet Immeuble résidentiel pour l'amélioration des infrastructures.,2020-10-02,2022-03-02,COMPLETED
85,Stade de football,Projet Stade de football pour l'amélioration des infrastructures.,2020-09-04,2023-06-04,ON_GOING
86,Logements sociaux,Projet Logements sociaux pour l'amélioration des infrastructures.,2020-11-07,2022-09-07,DELAYED
87,Rénovation de route,Projet Rénovation de route pour l'amélioration des infrastructures.,2020-06-25,2023-02-25,DELAYED
88,Construction de pont,Projet Construction de pont pour l'amélioration des infrastructures.,2020-09-13,2021-11-13,DELAYED
89,Rénovation de route,Projet Rénovation de route pour l'amélioration des infrastructures.,2020-07-08,2023-12-08,ON_GOING
90,Centre commercial,Projet Centre commercial pour l'amélioration des infrastructures.,2020-04-25,2021-06-25,ON_GOING
91,Tour d’affaires,Projet Tour d’affaires pour l'amélioration des infrastructures.,2020-10-04,2023-07-04,DELAYED
92,Aéroport régional,Projet Aéroport régional pour l'amélioration des infrastructures.,2020-01-13,2022-04-13,DELAYED
93,Immeuble résidentiel,Projet Immeuble résidentiel pour l'amélioration des infrastructures.,2020-01-24,2022-04-24,DELAYED
94,Tour d’affaires,Projet Tour d’affaires pour l'amélioration des infrastructures.,2020-02-09,2020-10-09,DELAYED
95,Centre commercial,Projet Centre commercial pour l'amélioration des infrastructures.,2020-11-20,2023-05-20,DELAYED
96,Tour d’affaires,Projet Tour d’affaires pour l'amélioration des infrastructures.,2020-01-02,2022-08-02,ON_GOING
97,École primaire,Projet École primaire pour l'amélioration des infrastructures.,2020-04-18,2021-11-18,DELAYED
98,Rénovation de route,Projet Rénovation de route pour l'amélioration des infrastructures.,2020-11-14,2024-03-14,DELAYED
99,Immeuble résidentiel,Projet Immeuble résidentiel pour l'amélioration des infrastructures.,2020-12-02,2023-05-02,ON_GOING
100,Barrage hydroélectrique,Projet Barrage hydroélectrique pour l'amélioration des infrastructures.,2020-08-20,2023-12-20,DELAYED
101,Hôpital public,Projet Hôpital public pour l'amélioration des infrastructures.,2020-01-25,2023-01-25,DELAYED
102,Usine de production,Projet Usine de production pour l'amélioration des infrastructures.,2020-09-20,2023-11-20,DELAYED
103,Barrage hydroélectrique,Projet Barrage hydroélectrique pour l'amélioration des infrastructures.,2020-04-07,2022-02-07,DELAYED
104,Construction de pont,Projet Construction de pont pour l'amélioration des infrastructures.,2020-04-24,2020-12-24,DELAYED
105,Usine de production,Projet Usine de production pour l'amélioration des infrastructures.,2020-07-08,2024-01-08,ON_GOING
106,Centre commercial,Projet Centre commercial pour l'amélioration des infrastructures.,2020-04-18,2024-03-18,ON_GOING
107,Immeuble résidentiel,Projet Immeuble résidentiel pour l'amélioration des infrastructures.,2020-02-01,2023-01-01,DELAYED
108,Barrage hydroélectrique,Projet Barrage hydroélectrique pour l'amélioration des infrastructures.,2020-06-22,2021-03-22,COMPLETED
109,Construction de pont,Projet Construction de pont pour l'amélioration des infrastructures.,2020-08-24,2024-05-24,DELAYED
110,Hôpital public,Projet Hôpital public pour l'amélioration des infrastructures.,2020-09-18,2021-06-18,DELAYED
111,Barrage hydroélectrique,Projet Barrage hydroélectrique pour l'amélioration des infrastructures.,2020-03-20,2023-03-20,DELAYED
112,Usine de production,Projet Usine de production pour l'amélioration des infrastructures.,2020-09-10,2023-07-10,DELAYED
113,Tour d’affaires,Projet Tour d’affaires pour l'amélioration des infrastructures.,2020-12-07,2023-02-07,DELAYED
114,Aéroport régional,Projet Aéroport régional pour l'amélioration des infrastructures.,2020-05-05,2021-09-05,DELAYED
115,École primaire,Projet École primaire pour l'amélioration des infrastructures.,2020-04-26,2020-12-26,DELAYED
116,Aéroport régional,Projet Aéroport régional pour l'amélioration des infrastructures.,2020-11-17,2024-02-17,DELAYED
117,Construction de pont,Projet Construction de pont pour l'amélioration des infrastructures.,2020-09-19,2021-09-19,DELAYED
118,Immeuble résidentiel,Projet Immeuble résidentiel pour l'amélioration des infrastructures.,2020-04-12,2022-07-12,ON_GOING
119,Logements sociaux,Projet Logements sociaux pour l'amélioration des infrastructures.,2020-01-06,2023-03-06,ON_GOING
120,Aéroport régional,Projet Aéroport régional pour l'amélioration des infrastructures.,2020-10-01,2024-05-01,DELAYED
121,Centre commercial,Projet Centre commercial pour l'amélioration des infrastructures.,2020-09-10,2021-04-10,DELAYED
122,Construction de pont,Projet Construction de pont pour l'amélioration des infrastructures.,2020-07-22,2023-08-22,COMPLETED
123,Tour d’affaires,Projet Tour d’affaires pour l'amélioration des infrastructures.,2020-01-08,2022-01-08,ON_GOING
124,Centre commercial,Projet Centre commercial pour l'amélioration des infrastructures.,2020-08-10,2023-01-10,ON_GOING
125,Stade de football,Projet Stade de football pour l'amélioration des infrastructures.,2020-03-11,2023-06-11,DELAYED
126,Logements sociaux,Projet Logements sociaux pour l'amélioration des infrastructures.,2020-07-06,2022-06-06,DELAYED
127,Hôpital public,Projet Hôpital public pour l'amélioration des infrastructures.,2020-05-08,2022-11-08,DELAYED
128,Construction de pont,Projet Construction de pont pour l'amélioration des infrastructures.,2020-01-21,2020-10-21,DELAYED
129,Rénovation de route,Projet Rénovation de route pour l'amélioration des infrastructures.,2020-10-07,2023-06-07,DELAYED
130,Immeuble résidentiel,Projet Immeuble résidentiel pour l'amélioration des infrastructures.,2020-02-01,2021-06-01,ON_GOING
131,Construction de pont,Projet Construction de pont pour l'amélioration des infrastructures.,2020-02-27,2021-02-27,DELAYED
132,Rénovation de route,Projet Rénovation de route pour l'amélioration des infrastructures.,2020-04-14,2024-04-14,DELAYED
133,Centre commercial,Projet Centre commercial pour l'amélioration des infrastructures.,2020-10-21,2023-03-21,ON_GOING
134,Hôpital public,Projet Hôpital public pour l'amélioration des infrastructures.,2020-06-02,2021-12-02,DELAYED
135,Usine de production,Projet Usine de production pour l'amélioration des infrastructures.,2020-03-25,2021-12-25,DELAYED
136,Aéroport régional,Projet Aéroport régional pour l'amélioration des infrastructures.,2020-03-15,2021-12-15,ON_GOING
137,Centre commercial,Projet Centre commercial pour l'amélioration des infrastructures.,2020-12-24,2021-09-24,DELAYED
138,Logements sociaux,Projet Logements sociaux pour l'amélioration des infrastructures.,2020-09-15,2023-07-15,ON_GOING
139,Logements sociaux,Projet Logements sociaux pour l'amélioration des infrastructures.,2020-07-19,2021-07-19,ON_GOING
140,Construction de pont,Projet Construction de pont pour l'amélioration des infrastructures.,2020-07-05,2023-08-05,DELAYED
141,Barrage hydroélectrique,Projet Barrage hydroélectrique pour l'amélioration des infrastructures.,2020-11-21,2023-10-21,DELAYED
142,Immeuble résidentiel,Projet Immeuble résidentiel pour l'amélioration des infrastructures.,2020-03-23,2021-07-23,DELAYED
143,Immeuble résidentiel,Projet Immeuble résidentiel pour l'amélioration des infrastructures.,2020-06-20,2023-04-20,DELAYED
144,École primaire,Projet École primaire pour l'amélioration des infrastructures.,2020-09-07,2023-03-07,COMPLETED
145,Hôpital public,Projet Hôpital public pour l'amélioration des infrastructures.,2020-06-21,2022-03-21,COMPLETED
146,Immeuble résidentiel,Projet Immeuble résidentiel pour l'amélioration des infrastructures.,2020-03-05,2023-11-05,ON_GOING
147,Immeuble résidentiel,Projet Immeuble résidentiel pour l'amélioration des infrastructures.,2020-12-21,2023-06-21,DELAYED
148,Rénovation de route,Projet Rénovation de route pour l'amélioration des infrastructures.,2020-12-14,2022-03-14,DELAYED
149,École primaire,Projet École primaire pour l'amélioration des infrastructures.,2020-12-27,2023-09-27,DELAYED
150,Barrage hydroélectrique,Projet Barrage hydroélectrique pour l'amélioration des infrastructures.,2020-12-03,2022-04-03,COMPLETED
151,Centre commercial,Projet Centre commercial pour l'amélioration des infrastructures.,2020-08-02,2022-03-02,DELAYED
152,Construction de pont,Projet Construction de pont pour l'amélioration des infrastructures.,2020-01-20,2023-06-20,DELAYED
153,Construction de pont,Projet Construction de pont pour l'amélioration des infrastructures.,2020-12-17,2022-08-17,ON_GOING
154,Centre commercial,Projet Centre commercial pour l'amélioration des infrastructures.,2020-03-26,2022-10-26,DELAYED
155,Rénovation de route,Projet Rénovation de route pour l'amélioration des infrastructures.,2020-02-03,2020-12-03,DELAYED
156,Centre commercial,Projet Centre commercial pour l'amélioration des infrastructures.,2020-01-11,2023-12-11,ON_GOING
157,Usine de production,Projet Usine de production pour l'amélioration des infrastructures.,2020-02-08,2024-02-08,ON_GOING
158,Immeuble résidentiel,Projet Immeuble résidentiel pour l'amélioration des infrastructures.,2020-04-13,2024-01-13,DELAYED
159,Stade de football,Projet Stade de football pour l'amélioration des infrastructures.,2020-12-26,2022-11-26,DELAYED
160,Usine de production,Projet Usine de production pour l'amélioration des infrastructures.,2020-09-11,2022-08-11,DELAYED
161,Stade de football,Projet Stade de football pour l'amélioration des infrastructures.,2020-08-19,2022-09-19,DELAYED
162,Construction de pont,Projet Construction de pont pour l'amélioration des infrastructures.,2020-04-02,2023-11-02,ON_GOING
163,École primaire,Projet École primaire pour l'amélioration des infrastructures.,2020-06-08,2023-08-08,DELAYED
164,Construction de pont,Projet Construction de pont pour l'amélioration des infrastructures.,2020-03-05,2021-03-05,ON_GOING
165,Stade de football,Projet Stade de football pour l'amélioration des infrastructures.,2020-07-06,2021-11-06,DELAYED
166,Stade de football,Projet Stade de football pour l'amélioration des infrastructures.,2020-08-16,2021-12-16,COMPLETED
167,Stade de football,Projet Stade de football pour l'amélioration des infrastructures.,2020-05-18,2023-07-18,DELAYED
168,Centre commercial,Projet Centre commercial pour l'amélioration des infrastructures.,2020-01-13,2021-02-13,ON_GOING
169,Tour d’affaires,Projet Tour d’affaires pour l'amélioration des infrastructures.,2020-11-17,2023-04-17,DELAYED
170,Hôpital public,Projet Hôpital public pour l'amélioration des infrastructures.,2020-11-17,2021-08-17,DELAYED
171,Usine de production,Projet Usine de production pour l'amélioration des infrastructures.,2020-10-15,2023-09-15,DELAYED
172,Barrage hydroélectrique,Projet Barrage hydroélectrique pour l'amélioration des infrastructures.,2020-05-23,2023-04-23,ON_GOING
173,Rénovation de route,Projet Rénovation de route pour l'amélioration des infrastructures.,2020-09-24,2024-01-24,ON_GOING
174,Stade de football,Projet Stade de football pour l'amélioration des infrastructures.,2020-04-19,2022-01-19,DELAYED
175,Aéroport régional,Projet Aéroport régional pour l'amélioration des infrastructures.,2020-04-09,2023-01-09,ON_GOING
176,Barrage hydroélectrique,Projet Barrage hydroélectrique pour l'amélioration des infrastructures.,2020-10-08,2021-08-08,ON_GOING
177,Centre commercial,Projet Centre commercial pour l'amélioration des infrastructures.,2020-04-18,2021-10-18,DELAYED
178,Barrage hydroélectrique,Projet Barrage hydroélectrique pour l'amélioration des infrastructures.,2020-02-07,2023-08-07,DELAYED
179,École primaire,Projet École primaire pour l'amélioration des infrastructures.,2020-08-18,2021-05-18,DELAYED
180,Stade de football,Projet Stade de football pour l'amélioration des infrastructures.,2020-10-01,2021-04-01,ON_GOING
181,Immeuble résidentiel,Projet Immeuble résidentiel pour l'amélioration des infrastructures.,2020-09-11,2022-10-11,ON_GOING
182,Hôpital public,Projet Hôpital public pour l'amélioration des infrastructures.,2020-09-24,2023-12-24,ON_GOING
183,Centre commercial,Projet Centre commercial pour l'amélioration des infrastructures.,2020-03-28,2022-11-28,DELAYED
184,Rénovation de route,Projet Rénovation de route pour l'amélioration des infrastructures.,2020-06-14,2023-07-14,DELAYED
185,Stade de football,Projet Stade de football pour l'amélioration des infrastructures.,2020-04-09,2022-02-09,DELAYED
186,Logements sociaux,Projet Logements sociaux pour l'amélioration des infrastructures.,2020-11-19,2021-06-19,COMPLETED
187,Centre commercial,Projet Centre commercial pour l'amélioration des infrastructures.,2020-02-19,2023-11-19,DELAYED
188,Tour d’affaires,Projet Tour d’affaires pour l'amélioration des infrastructures.,2020-01-17,2021-07-17,DELAYED
189,Construction de pont,Projet Construction de pont pour l'amélioration des infrastructures.,2020-12-21,2022-07-21,DELAYED
190,Immeuble résidentiel,Projet Immeuble résidentiel pour l'amélioration des infrastructures.,2020-11-17,2024-06-17,DELAYED
191,Construction de pont,Projet Construction de pont pour l'amélioration des infrastructures.,2020-09-01,2022-05-01,DELAYED
192,Hôpital public,Projet Hôpital public pour l'amélioration des infrastructures.,2020-10-20,2023-10-20,DELAYED
193,Hôpital public,Projet Hôpital public pour l'amélioration des infrastructures.,2020-12-21,2021-08-21,DELAYED
194,Hôpital public,Projet Hôpital public pour l'amélioration des infrastructures.,2020-12-08,2021-11-08,DELAYED
195,Barrage hydroélectrique,Projet Barrage hydroélectrique pour l'amélioration des infrastructures.,2020-12-02,2024-01-02,ON_GOING
196,Usine de production,Projet Usine de production pour l'amélioration des infrastructures.,2020-06-07,2022-03-07,DELAYED
197,Logements sociaux,Projet Logements sociaux pour l'amélioration des infrastructures.,2020-04-19,2023-03-19,ON_GOING
198,Tour d’affaires,Projet Tour d’affaires pour l'amélioration des infrastructures.,2020-06-28,2021-10-28,DELAYED
199,École primaire,Projet École primaire pour l'amélioration des infrastructures.,2020-08-17,2023-07-17,DELAYED
200,Tour d’affaires,Projet Tour d’affaires pour l'amélioration des infrastructures.,2020-04-03,2024-04-03,DELAYED
201,École primaire,Projet École primaire pour l'amélioration des infrastructures.,2020-11-13,2023-02-13,DELAYED
202,Aéroport régional,Projet Aéroport régional pour l'amélioration des infrastructures.,2020-06-22,2023-07-22,ON_GOING
203,Aéroport régional,Projet Aéroport régional pour l'amélioration des infrastructures.,2020-07-23,2023-10-23,DELAYED
204,Hôpital public,Projet Hôpital public pour l'amélioration des infrastructures.,2020-03-17,2022-04-17,ON_GOING
205,Rénovation de route,Projet Rénovation de route pour l'amélioration des infrastructures.,2020-10-24,2021-08-24,DELAYED
206,Barrage hydroélectrique,Projet Barrage hydroélectrique pour l'amélioration des infrastructures.,2020-02-01,2022-03-01,DELAYED
207,Barrage hydroélectrique,Projet Barrage hydroélectrique pour l'amélioration des infrastructures.,2020-02-15,2021-08-15,DELAYED
208,École primaire,Projet École primaire pour l'amélioration des infrastructures.,2020-12-18,2024-05-18,DELAYED
209,Immeuble résidentiel,Projet Immeuble résidentiel pour l'amélioration des infrastructures.,2020-09-25,2022-07-25,ON_GOING
210,Tour d’affaires,Projet Tour d’affaires pour l'amélioration des infrastructures.,2020-08-27,2024-08-27,ON_GOING
211,Barrage hydroélectrique,Projet Barrage hydroélectrique pour l'amélioration des infrastructures.,2020-08-23,2023-05-23,DELAYED
212,Logements sociaux,Projet Logements sociaux pour l'amélioration des infrastructures.,2020-09-06,2022-03-06,DELAYED
213,Logements sociaux,Projet Logements sociaux pour l'amélioration des infrastructures.,2020-05-26,2022-07-26,ON_GOING
214,Construction de pont,Projet Construction de pont pour l'amélioration des infrastructures.,2020-04-13,2021-04-13,ON_GOING
215,Rénovation de route,Projet Rénovation de route pour l'amélioration des infrastructures.,2020-11-10,2022-06-10,DELAYED
216,Centre commercial,Projet Centre commercial pour l'amélioration des infrastructures.,2020-02-16,2023-12-16,DELAYED
217,Barrage hydroélectrique,Projet Barrage hydroélectrique pour l'amélioration des infrastructures.,2020-10-10,2024-02-10,ON_GOING
218,Rénovation de route,Projet Rénovation de route pour l'amélioration des infrastructures.,2020-02-04,2021-04-04,DELAYED
219,Logements sociaux,Projet Logements sociaux pour l'amélioration des infrastructures.,2020-07-23,2022-11-23,DELAYED
220,Immeuble résidentiel,Projet Immeuble résidentiel pour l'amélioration des infrastructures.,2020-08-26,2022-10-26,DELAYED
221,Barrage hydroélectrique,Projet Barrage hydroélectrique pour l'amélioration des infrastructures.,2020-05-17,2022-02-17,ON_GOING
222,École primaire,Projet École primaire pour l'amélioration des infrastructures.,2020-12-09,2023-10-09,DELAYED
223,École primaire,Projet École primaire pour l'amélioration des infrastructures.,2020-10-13,2024-05-13,DELAYED
224,École primaire,Projet École primaire pour l'amélioration des infrastructures.,2020-08-11,2021-11-11,DELAYED
225,Aéroport régional,Projet Aéroport régional pour l'amélioration des infrastructures.,2020-09-24,2021-10-24,DELAYED
226,Immeuble résidentiel,Projet Immeuble résidentiel pour l'amélioration des infrastructures.,2020-09-15,2022-10-15,DELAYED
227,Immeuble résidentiel,Projet Immeuble résidentiel pour l'amélioration des infrastructures.,2020-08-14,2021-03-14,DELAYED
228,École primaire,Projet École primaire pour l'amélioration des infrastructures.,2020-07-24,2024-05-24,ON_GOING
229,Hôpital public,Projet Hôpital public pour l'amélioration des infrastructures.,2020-01-15,2021-06-15,ON_GOING
230,Logements sociaux,Projet Logements sociaux pour l'amélioration des infrastructures.,2020-10-23,2021-10-23,DELAYED
231,Barrage hydroélectrique,Projet Barrage hydroélectrique pour l'amélioration des infrastructures.,2020-07-04,2023-07-04,ON_GOING
232,Tour d’affaires,Projet Tour d’affaires pour l'amélioration des infrastructures.,2020-04-04,2022-10-04,DELAYED
233,Aéroport régional,Projet Aéroport régional pour l'amélioration des infrastructures.,2020-07-17,2021-11-17,DELAYED
234,Hôpital public,Projet Hôpital public pour l'amélioration des infrastructures.,2020-10-24,2021-06-24,DELAYED
235,Stade de football,Projet Stade de football pour l'amélioration des infrastructures.,2020-04-12,2023-07-12,ON_GOING
236,Usine de production,Projet Usine de production pour l'amélioration des infrastructures.,2020-04-13,2021-11-13,DELAYED
237,Usine de production,Projet Usine de production pour l'amélioration des infrastructures.,2020-07-08,2022-02-08,ON_GOING
238,Immeuble résidentiel,Projet Immeuble résidentiel pour l'amélioration des infrastructures.,2020-10-13,2024-07-13,DELAYED
239,Logements sociaux,Projet Logements sociaux pour l'amélioration des infrastructures.,2020-11-23,2023-11-23,DELAYED
240,Rénovation de route,Projet Rénovation de route pour l'amélioration des infrastructures.,2020-05-23,2023-10-23,DELAYED
241,Hôpital public,Projet Hôpital public pour l'amélioration des infrastructures.,2020-07-10,2024-03-10,DELAYED
242,Rénovation de route,Projet Rénovation de route pour l'amélioration des infrastructures.,2020-06-16,2022-08-16,DELAYED
243,Barrage hydroélectrique,Projet Barrage hydroélectrique pour l'amélioration des infrastructures.,2020-12-07,2021-09-07,DELAYED
244,Logements sociaux,Projet Logements sociaux pour l'amélioration des infrastructures.,2020-01-05,2023-04-05,ON_GOING
245,Logements sociaux,Projet Logements sociaux pour l'amélioration des infrastructures.,2020-04-24,2022-11-24,DELAYED
246,Usine de production,Projet Usine de production pour l'amélioration des infrastructures.,2020-04-17,2023-08-17,ON_GOING
247,Barrage hydroélectrique,Projet Barrage hydroélectrique pour l'amélioration des infrastructures.,2020-05-20,2021-08-20,DELAYED
248,Usine de production,Projet Usine de production pour l'amélioration des infrastructures.,2020-09-12,2023-05-12,ON_GOING
249,Immeuble résidentiel,Projet Immeuble résidentiel pour l'amélioration des infrastructures.,2020-11-04,2022-01-04,COMPLETED
250,École primaire,Projet École primaire pour l'amélioration des infrastructures.,2020-11-23,2023-12-23,DELAYED
251,Construction de pont,Projet Construction de pont pour l'amélioration des infrastructures.,2020-06-25,2024-05-25,ON_GOING
252,Stade de football,Projet Stade de football pour l'amélioration des infrastructures.,2020-04-03,2024-01-03,DELAYED
253,Barrage hydroélectrique,Projet Barrage hydroélectrique pour l'amélioration des infrastructures.,2020-08-26,2022-02-26,DELAYED
254,École primaire,Projet École primaire pour l'amélioration des infrastructures.,2020-11-28,2023-08-28,DELAYED
255,Tour d’affaires,Projet Tour d’affaires pour l'amélioration des infrastructures.,2020-05-06,2023-10-06,DELAYED
256,École primaire,Projet École primaire pour l'amélioration des infrastructures.,2020-09-24,2024-03-24,ON_GOING
257,Immeuble résidentiel,Projet Immeuble résidentiel pour l'amélioration des infrastructures.,2020-03-09,2022-07-09,COMPLETED
258,École primaire,Projet École primaire pour l'amélioration des infrastructures.,2020-01-28,2021-12-28,DELAYED
259,Barrage hydroélectrique,Projet Barrage hydroélectrique pour l'amélioration des infrastructures.,2020-07-13,2022-10-13,DELAYED
260,Construction de pont,Projet Construction de pont pour l'amélioration des infrastructures.,2020-06-05,2021-08-05,DELAYED
261,Centre commercial,Projet Centre commercial pour l'amélioration des infrastructures.,2020-07-01,2022-09-01,COMPLETED
262,Immeuble résidentiel,Projet Immeuble résidentiel pour l'amélioration des infrastructures.,2020-05-25,2023-04-25,ON_GOING
263,Immeuble résidentiel,Projet Immeuble résidentiel pour l'amélioration des infrastructures.,2020-04-25,2022-12-25,DELAYED
264,Logements sociaux,Projet Logements sociaux pour l'amélioration des infrastructures.,2020-06-15,2021-09-15,DELAYED
265,Stade de football,Projet Stade de football pour l'amélioration des infrastructures.,2020-05-10,2021-02-10,DELAYED
266,Barrage hydroélectrique,Projet Barrage hydroélectrique pour l'amélioration des infrastructures.,2020-02-18,2021-02-18,DELAYED
267,Usine de production,Projet Usine de production pour l'amélioration des infrastructures.,2020-08-14,2021-10-14,ON_GOING
268,Logements sociaux,Projet Logements sociaux pour l'amélioration des infrastructures.,2020-11-05,2024-07-05,DELAYED
269,Logements sociaux,Projet Logements sociaux pour l'amélioration des infrastructures.,2020-02-16,2021-12-16,ON_GOING
270,Centre commercial,Projet Centre commercial pour l'amélioration des infrastructures.,2020-04-06,2022-03-06,DELAYED
271,Aéroport régional,Projet Aéroport régional pour l'amélioration des infrastructures.,2020-09-17,2023-09-17,ON_GOING
272,Logements sociaux,Projet Logements sociaux pour l'amélioration des infrastructures.,2020-12-17,2021-08-17,DELAYED
273,Barrage hydroélectrique,Projet Barrage hydroélectrique pour l'amélioration des infrastructures.,2020-04-08,2023-01-08,ON_GOING
274,Usine de production,Projet Usine de production pour l'amélioration des infrastructures.,2020-10-22,2021-04-22,DELAYED
275,Rénovation de route,Projet Rénovation de route pour l'amélioration des infrastructures.,2020-09-06,2023-06-06,DELAYED
276,Stade de football,Projet Stade de football pour l'amélioration des infrastructures.,2020-08-21,2022-11-21,DELAYED
277,Tour d’affaires,Projet Tour d’affaires pour l'amélioration des infrastructures.,2020-01-27,2023-02-27,DELAYED
278,Logements sociaux,Projet Logements sociaux pour l'amélioration des infrastructures.,2020-07-13,2022-08-13,ON_GOING
279,Aéroport régional,Projet Aéroport régional pour l'amélioration des infrastructures.,2020-11-08,2023-12-08,ON_GOING
280,Tour d’affaires,Projet Tour d’affaires pour l'amélioration des infrastructures.,2020-04-06,2021-05-06,DELAYED
281,Immeuble résidentiel,Projet Immeuble résidentiel pour l'amélioration des infrastructures.,2020-02-18,2022-02-18,DELAYED
282,Tour d’affaires,Projet Tour d’affaires pour l'amélioration des infrastructures.,2020-10-15,2024-01-15,DELAYED
283,Rénovation de route,Projet Rénovation de route pour l'amélioration des infrastructures.,2020-08-07,2023-03-07,DELAYED
284,Construction de pont,Projet Construction de pont pour l'amélioration des infrastructures.,2020-11-21,2023-05-21,COMPLETED
285,Usine de production,Projet Usine de production pour l'amélioration des infrastructures.,2020-05-13,2021-05-13,ON_GOING
286,Immeuble résidentiel,Projet Immeuble résidentiel pour l'amélioration des infrastructures.,2020-06-09,2021-04-09,DELAYED
287,Hôpital public,Projet Hôpital public pour l'amélioration des infrastructures.,2020-09-27,2023-12-27,DELAYED
288,Tour d’affaires,Projet Tour d’affaires pour l'amélioration des infrastructures.,2020-09-13,2024-08-13,DELAYED
289,Rénovation de route,Projet Rénovation de route pour l'amélioration des infrastructures.,2020-10-25,2022-02-25,DELAYED
290,École primaire,Projet École primaire pour l'amélioration des infrastructures.,2020-06-03,2021-11-03,DELAYED
291,Rénovation de route,Projet Rénovation de route pour l'amélioration des infrastructures.,2020-05-03,2022-04-03,DELAYED
292,Barrage hydroélectrique,Projet Barrage hydroélectrique pour l'amélioration des infrastructures.,2020-09-27,2024-09-27,DELAYED
293,Stade de football,Projet Stade de football pour l'amélioration des infrastructures.,2020-12-10,2023-08-10,DELAYED
294,Construction de pont,Projet Construction de pont pour l'amélioration des infrastructures.,2020-05-20,2024-03-20,COMPLETED
295,Logements sociaux,Projet Logements sociaux pour l'amélioration des infrastructures.,2020-01-03,2023-05-03,DELAYED
296,Construction de pont,Projet Construction de pont pour l'amélioration des infrastructures.,2020-07-14,2021-05-14,ON_GOING
297,Construction de pont,Projet Construction de pont pour l'amélioration des infrastructures.,2020-02-27,2022-06-27,DELAYED
298,Aéroport régional,Projet Aéroport régional pour l'amélioration des infrastructures.,2020-11-09,2023-08-09,DELAYED
299,Immeuble résidentiel,Projet Immeuble résidentiel pour l'amélioration des infrastructures.,2020-09-18,2022-12-18,COMPLETED
300,Usine de production,Projet Usine de production pour l'amélioration des infrastructures.,2020-06-06,2021-07-06,DELAYED
301,Barrage hydroélectrique,Projet Barrage hydroélectrique pour l'amélioration des infrastructures.,2020-01-05,2023-04-05,ON_GOING
302,Logements sociaux,Projet Logements sociaux pour l'amélioration des infrastructures.,2020-01-07,2022-07-07,DELAYED
303,Tour d’affaires,Projet Tour d’affaires pour l'amélioration des infrastructures.,2020-03-26,2024-02-26,DELAYED
304,Aéroport régional,Projet Aéroport régional pour l'amélioration des infrastructures.,2020-06-25,2022-02-25,ON_GOING
305,Stade de football,Projet Stade de football pour l'amélioration des infrastructures.,2020-03-24,2022-09-24,ON_GOING
306,Immeuble résidentiel,Projet Immeuble résidentiel pour l'amélioration des infrastructures.,2020-12-01,2021-07-01,DELAYED
307,Usine de production,Projet Usine de production pour l'amélioration des infrastructures.,2020-03-20,2022-02-20,ON_GOING
308,Rénovation de route,Projet Rénovation de route pour l'amélioration des infrastructures.,2020-06-04,2024-06-04,ON_GOING
309,École primaire,Projet École primaire pour l'amélioration des infrastructures.,2020-11-22,2022-01-22,DELAYED
310,Aéroport régional,Projet Aéroport régional pour l'amélioration des infrastructures.,2020-11-04,2022-10-04,ON_GOING
311,Construction de pont,Projet Construction de pont pour l'amélioration des infrastructures.,2020-05-22,2021-03-22,DELAYED
312,École primaire,Projet École primaire pour l'amélioration des infrastructures.,2020-09-28,2022-04-28,DELAYED
313,Immeuble résidentiel,Projet Immeuble résidentiel pour l'amélioration des infrastructures.,2020-10-20,2023-08-20,ON_GOING
314,Stade de football,Projet Stade de football pour l'amélioration des infrastructures.,2020-02-04,2020-12-04,DELAYED
315,Barrage hydroélectrique,Projet Barrage hydroélectrique pour l'amélioration des infrastructures.,2020-06-21,2021-04-21,ON_GOING
316,Hôpital public,Projet Hôpital public pour l'amélioration des infrastructures.,2020-03-18,2023-05-18,ON_GOING
317,Tour d’affaires,Projet Tour d’affaires pour l'amélioration des infrastructures.,2020-04-21,2022-09-21,DELAYED
318,Aéroport régional,Projet Aéroport régional pour l'amélioration des infrastructures.,2020-10-26,2024-04-26,ON_GOING
319,Immeuble résidentiel,Projet Immeuble résidentiel pour l'amélioration des infrastructures.,2020-09-27,2022-03-27,DELAYED
320,Stade de football,Projet Stade de football pour l'amélioration des infrastructures.,2020-02-14,2022-04-14,ON_GOING
321,École primaire,Projet École primaire pour l'amélioration des infrastructures.,2020-09-26,2024-05-26,ON_GOING
322,Rénovation de route,Projet Rénovation de route pour l'amélioration des infrastructures.,2020-09-07,2024-05-07,DELAYED
323,Barrage hydroélectrique,Projet Barrage hydroélectrique pour l'amélioration des infrastructures.,2020-06-16,2022-04-16,DELAYED
324,Construction de pont,Projet Construction de pont pour l'amélioration des infrastructures.,2020-05-04,2023-10-04,DELAYED
325,Logements sociaux,Projet Logements sociaux pour l'amélioration des infrastructures.,2020-07-13,2024-07-13,DELAYED
326,Immeuble résidentiel,Projet Immeuble résidentiel pour l'amélioration des infrastructures.,2020-12-19,2022-02-19,DELAYED
327,École primaire,Projet École primaire pour l'amélioration des infrastructures.,2020-12-28,2023-04-28,DELAYED
328,Hôpital public,Projet Hôpital public pour l'amélioration des infrastructures.,2020-10-11,2021-08-11,ON_GOING
329,Aéroport régional,Projet Aéroport régional pour l'amélioration des infrastructures.,2020-08-05,2023-04-05,DELAYED
330,Logements sociaux,Projet Logements sociaux pour l'amélioration des infrastructures.,2020-03-13,2021-08-13,DELAYED
331,Logements sociaux,Projet Logements sociaux pour l'amélioration des infrastructures.,2020-06-05,2023-09-05,ON_GOING
332,École primaire,Projet École primaire pour l'amélioration des infrastructures.,2020-10-26,2023-10-26,DELAYED
333,Stade de football,Projet Stade de football pour l'amélioration des infrastructures.,2020-06-12,2023-10-12,ON_GOING
334,Aéroport régional,Projet Aéroport régional pour l'amélioration des infrastructures.,2020-11-11,2021-11-11,DELAYED
335,Rénovation de route,Projet Rénovation de route pour l'amélioration des infrastructures.,2020-08-15,2022-12-15,DELAYED
336,Hôpital public,Projet Hôpital public pour l'amélioration des infrastructures.,2020-12-12,2022-11-12,DELAYED
337,Immeuble résidentiel,Projet Immeuble résidentiel pour l'amélioration des infrastructures.,2020-10-20,2024-07-20,DELAYED
338,Hôpital public,Projet Hôpital public pour l'amélioration des infrastructures.,2020-07-01,2024-04-01,ON_GOING
339,Centre commercial,Projet Centre commercial pour l'amélioration des infrastructures.,2020-01-28,2020-12-28,DELAYED
340,Immeuble résidentiel,Projet Immeuble résidentiel pour l'amélioration des infrastructures.,2020-08-25,2024-01-25,DELAYED
341,Centre commercial,Projet Centre commercial pour l'amélioration des infrastructures.,2020-02-05,2022-09-05,DELAYED
342,Rénovation de route,Projet Rénovation de route pour l'amélioration des infrastructures.,2020-06-21,2023-10-21,DELAYED
343,Construction de pont,Projet Construction de pont pour l'amélioration des infrastructures.,2020-08-20,2022-06-20,ON_GOING
344,Stade de football,Projet Stade de football pour l'amélioration des infrastructures.,2020-01-11,2021-03-11,ON_GOING
345,Tour d’affaires,Projet Tour d’affaires pour l'amélioration des infrastructures.,2020-06-11,2023-09-11,DELAYED
346,Construction de pont,Projet Construction de pont pour l'amélioration des infrastructures.,2020-12-23,2023-12-23,DELAYED
347,Rénovation de route,Projet Rénovation de route pour l'amélioration des infrastructures.,2020-02-27,2023-08-27,DELAYED
348,Tour d’affaires,Projet Tour d’affaires pour l'amélioration des infrastructures.,2020-04-03,2020-12-03,ON_GOING
349,Usine de production,Projet Usine de production pour l'amélioration des infrastructures.,2020-10-15,2022-04-15,DELAYED
350,Centre commercial,Projet Centre commercial pour l'amélioration des infrastructures.,2020-07-24,2023-12-24,DELAYED
351,Centre commercial,Projet Centre commercial pour l'amélioration des infrastructures.,2020-07-03,2023-01-03,DELAYED
352,Usine de production,Projet Usine de production pour l'amélioration des infrastructures.,2020-09-23,2022-05-23,ON_GOING
353,Rénovation de route,Projet Rénovation de route pour l'amélioration des infrastructures.,2020-01-28,2023-07-28,DELAYED
354,Logements sociaux,Projet Logements sociaux pour l'amélioration des infrastructures.,2020-03-03,2021-11-03,DELAYED
355,Barrage hydroélectrique,Projet Barrage hydroélectrique pour l'amélioration des infrastructures.,2020-06-10,2021-04-10,DELAYED
356,Rénovation de route,Projet Rénovation de route pour l'amélioration des infrastructures.,2020-05-07,2022-11-07,DELAYED
357,Aéroport régional,Projet Aéroport régional pour l'amélioration des infrastructures.,2020-12-07,2022-05-07,DELAYED
358,Centre commercial,Projet Centre commercial pour l'amélioration des infrastructures.,2020-04-09,2022-09-09,DELAYED
359,Centre commercial,Projet Centre commercial pour l'amélioration des infrastructures.,2020-10-22,2023-09-22,ON_GOING
360,Rénovation de route,Projet Rénovation de route pour l'amélioration des infrastructures.,2020-02-06,2022-04-06,COMPLETED
361,Hôpital public,Projet Hôpital public pour l'amélioration des infrastructures.,2020-09-20,2021-04-20,ON_GOING
362,Logements sociaux,Projet Logements sociaux pour l'amélioration des infrastructures.,2020-10-13,2021-04-13,ON_GOING
363,Immeuble résidentiel,Projet Immeuble résidentiel pour l'amélioration des infrastructures.,2020-01-03,2023-10-03,ON_GOING
364,Centre commercial,Projet Centre commercial pour l'amélioration des infrastructures.,2020-10-16,2022-03-16,DELAYED
365,École primaire,Projet École primaire pour l'amélioration des infrastructures.,2020-09-08,2021-07-08,ON_GOING
366,Rénovation de route,Projet Rénovation de route pour l'amélioration des infrastructures.,2020-09-04,2024-01-04,DELAYED
367,Usine de production,Projet Usine de production pour l'amélioration des infrastructures.,2020-01-19,2021-03-19,DELAYED
368,École primaire,Projet École primaire pour l'amélioration des infrastructures.,2020-01-03,2023-08-03,ON_GOING
369,Centre commercial,Projet Centre commercial pour l'amélioration des infrastructures.,2020-08-07,2021-12-07,ON_GOING
370,Immeuble résidentiel,Projet Immeuble résidentiel pour l'amélioration des infrastructures.,2020-10-03,2024-02-03,DELAYED
371,Barrage hydroélectrique,Projet Barrage hydroélectrique pour l'amélioration des infrastructures.,2020-10-09,2021-06-09,DELAYED
372,Centre commercial,Projet Centre commercial pour l'amélioration des infrastructures.,2020-05-19,2024-05-19,DELAYED
373,Rénovation de route,Projet Rénovation de route pour l'amélioration des infrastructures.,2020-06-28,2022-11-28,COMPLETED
374,Construction de pont,Projet Construction de pont pour l'amélioration des infrastructures.,2020-04-22,2021-11-22,DELAYED
375,École primaire,Projet École primaire pour l'amélioration des infrastructures.,2020-03-27,2021-06-27,DELAYED
376,Hôpital public,Projet Hôpital public pour l'amélioration des infrastructures.,2020-12-20,2022-04-20,ON_GOING
377,Usine de production,Projet Usine de production pour l'amélioration des infrastructures.,2020-09-25,2023-04-25,ON_GOING
378,Aéroport régional,Projet Aéroport régional pour l'amélioration des infrastructures.,2020-05-18,2022-04-18,DELAYED
379,Barrage hydroélectrique,Projet Barrage hydroélectrique pour l'amélioration des infrastructures.,2020-12-28,2024-07-28,ON_GOING
380,École primaire,Projet École primaire pour l'amélioration des infrastructures.,2020-08-27,2024-07-27,ON_GOING
381,École primaire,Projet École primaire pour l'amélioration des infrastructures.,2020-01-14,2022-09-14,DELAYED
382,Usine de production,Projet Usine de production pour l'amélioration des infrastructures.,2020-11-04,2024-02-04,DELAYED
383,Usine de production,Projet Usine de production pour l'amélioration des infrastructures.,2020-09-11,2022-12-11,ON_GOING
384,Hôpital public,Projet Hôpital public pour l'amélioration des infrastructures.,2020-05-24,2024-05-24,DELAYED
385,Aéroport régional,Projet Aéroport régional pour l'amélioration des infrastructures.,2020-08-16,2024-01-16,DELAYED
386,Tour d’affaires,Projet Tour d’affaires pour l'amélioration des infrastructures.,2020-02-04,2020-08-04,DELAYED
387,Immeuble résidentiel,Projet Immeuble résidentiel pour l'amélioration des infrastructures.,2020-12-12,2022-11-12,ON_GOING
388,Construction de pont,Projet Construction de pont pour l'amélioration des infrastructures.,2020-01-19,2022-08-19,DELAYED
389,Barrage hydroélectrique,Projet Barrage hydroélectrique pour l'amélioration des infrastructures.,2020-08-01,2022-05-01,ON_GOING
390,Usine de production,Projet Usine de production pour l'amélioration des infrastructures.,2020-09-07,2023-07-07,COMPLETED
391,Tour d’affaires,Projet Tour d’affaires pour l'amélioration des infrastructures.,2020-06-15,2022-10-15,ON_GOING
392,Logements sociaux,Projet Logements sociaux pour l'amélioration des infrastructures.,2020-06-25,2023-07-25,DELAYED
393,Tour d’affaires,Projet Tour d’affaires pour l'amélioration des infrastructures.,2020-04-13,2023-06-13,DELAYED
394,Stade de football,Projet Stade de football pour l'amélioration des infrastructures.,2020-01-18,2022-03-18,DELAYED
395,Construction de pont,Projet Construction de pont pour l'amélioration des infrastructures.,2020-09-11,2023-08-11,DELAYED
396,Usine de production,Projet Usine de production pour l'amélioration des infrastructures.,2020-08-19,2023-08-19,DELAYED
397,Aéroport régional,Projet Aéroport régional pour l'amélioration des infrastructures.,2020-09-08,2023-08-08,COMPLETED
398,Centre commercial,Projet Centre commercial pour l'amélioration des infrastructures.,2020-05-14,2024-04-14,ON_GOING
399,Stade de football,Projet Stade de football pour l'amélioration des infrastructures.,2020-02-26,2021-09-26,COMPLETED
400,Rénovation de route,Projet Rénovation de route pour l'amélioration des infrastructures.,2020-01-06,2021-03-06,ON_GOING
401,Centre commercial,Projet Centre commercial pour l'amélioration des infrastructures.,2020-10-16,2022-09-16,DELAYED
402,Barrage hydroélectrique,Projet Barrage hydroélectrique pour l'amélioration des infrastructures.,2020-03-26,2022-01-26,DELAYED
403,Immeuble résidentiel,Projet Immeuble résidentiel pour l'amélioration des infrastructures.,2020-04-20,2023-06-20,DELAYED
404,Construction de pont,Projet Construction de pont pour l'amélioration des infrastructures.,2020-03-24,2023-09-24,DELAYED
405,Stade de football,Projet Stade de football pour l'amélioration des infrastructures.,2020-01-13,2021-05-13,COMPLETED
406,École primaire,Projet École primaire pour l'amélioration des infrastructures.,2020-02-27,2021-10-27,ON_GOING
407,Usine de production,Projet Usine de production pour l'amélioration des infrastructures.,2020-12-08,2024-11-08,DELAYED
408,Usine de production,Projet Usine de production pour l'amélioration des infrastructures.,2020-03-26,2020-10-26,DELAYED
409,Immeuble résidentiel,Projet Immeuble résidentiel pour l'amélioration des infrastructures.,2020-10-22,2021-11-22,ON_GOING
410,Logements sociaux,Projet Logements sociaux pour l'amélioration des infrastructures.,2020-01-13,2023-05-13,DELAYED
411,Rénovation de route,Projet Rénovation de route pour l'amélioration des infrastructures.,2020-11-15,2022-10-15,ON_GOING
412,Centre commercial,Projet Centre commercial pour l'amélioration des infrastructures.,2020-11-01,2022-01-01,ON_GOING
413,Tour d’affaires,Projet Tour d’affaires pour l'amélioration des infrastructures.,2020-02-21,2021-08-21,DELAYED
414,École primaire,Projet École primaire pour l'amélioration des infrastructures.,2020-05-24,2024-04-24,ON_GOING
415,Centre commercial,Projet Centre commercial pour l'amélioration des infrastructures.,2020-10-03,2023-04-03,DELAYED
416,Stade de football,Projet Stade de football pour l'amélioration des infrastructures.,2020-09-10,2023-10-10,DELAYED
417,Logements sociaux,Projet Logements sociaux pour l'amélioration des infrastructures.,2020-02-03,2023-10-03,ON_GOING
418,Centre commercial,Projet Centre commercial pour l'amélioration des infrastructures.,2020-03-23,2023-04-23,DELAYED
419,Aéroport régional,Projet Aéroport régional pour l'amélioration des infrastructures.,2020-01-23,2023-06-23,ON_GOING
420,École primaire,Projet École primaire pour l'amélioration des infrastructures.,2020-04-02,2023-01-02,ON_GOING
421,Stade de football,Projet Stade de football pour l'amélioration des infrastructures.,2020-07-12,2023-01-12,DELAYED
422,Logements sociaux,Projet Logements sociaux pour l'amélioration des infrastructures.,2020-09-05,2022-12-05,DELAYED
423,École primaire,Projet École primaire pour l'amélioration des infrastructures.,2020-02-23,2023-02-23,DELAYED
424,Usine de production,Projet Usine de production pour l'amélioration des infrastructures.,2020-07-16,2021-09-16,ON_GOING
425,Stade de football,Projet Stade de football pour l'amélioration des infrastructures.,2020-04-17,2023-06-17,DELAYED
426,Usine de production,Projet Usine de production pour l'amélioration des infrastructures.,2020-09-01,2024-06-01,DELAYED
427,Barrage hydroélectrique,Projet Barrage hydroélectrique pour l'amélioration des infrastructures.,2020-05-03,2021-01-03,DELAYED
428,Hôpital public,Projet Hôpital public pour l'amélioration des infrastructures.,2020-11-04,2021-06-04,ON_GOING
429,Immeuble résidentiel,Projet Immeuble résidentiel pour l'amélioration des infrastructures.,2020-09-14,2021-10-14,DELAYED
430,Tour d’affaires,Projet Tour d’affaires pour l'amélioration des infrastructures.,2020-05-05,2023-07-05,DELAYED
431,Barrage hydroélectrique,Projet Barrage hydroélectrique pour l'amélioration des infrastructures.,2020-07-07,2022-03-07,DELAYED
432,Hôpital public,Projet Hôpital public pour l'amélioration des infrastructures.,2020-06-11,2022-12-11,DELAYED
433,Rénovation de route,Projet Rénovation de route pour l'amélioration des infrastructures.,2020-02-10,2021-03-10,COMPLETED
434,Hôpital public,Projet Hôpital public pour l'amélioration des infrastructures.,2020-01-12,2023-06-12,ON_GOING
435,Rénovation de route,Projet Rénovation de route pour l'amélioration des infrastructures.,2020-10-14,2021-06-14,DELAYED
436,Usine de production,Projet Usine de production pour l'amélioration des infrastructures.,2020-01-14,2021-10-14,DELAYED
437,Usine de production,Projet Usine de production pour l'amélioration des infrastructures.,2020-08-21,2021-06-21,ON_GOING
438,Tour d’affaires,Projet Tour d’affaires pour l'amélioration des infrastructures.,2020-11-19,2024-01-19,ON_GOING
439,École primaire,Projet École primaire pour l'amélioration des infrastructures.,2020-08-19,2021-04-19,DELAYED
440,Immeuble résidentiel,Projet Immeuble résidentiel pour l'amélioration des infrastructures.,2020-10-06,2024-06-06,ON_GOING
441,Usine de production,Projet Usine de production pour l'amélioration des infrastructures.,2020-05-07,2021-07-07,DELAYED
442,Centre commercial,Projet Centre commercial pour l'amélioration des infrastructures.,2020-07-08,2022-07-08,DELAYED
443,Stade de football,Projet Stade de football pour l'amélioration des infrastructures.,2020-01-05,2022-06-05,DELAYED
444,Construction de pont,Projet Construction de pont pour l'amélioration des infrastructures.,2020-04-11,2020-10-11,ON_GOING
445,École primaire,Projet École primaire pour l'amélioration des infrastructures.,2020-04-18,2023-10-18,DELAYED
446,École primaire,Projet École primaire pour l'amélioration des infrastructures.,2020-05-20,2022-11-20,DELAYED
447,Usine de production,Projet Usine de production pour l'amélioration des infrastructures.,2020-03-26,2021-06-26,ON_GOING
448,Construction de pont,Projet Construction de pont pour l'amélioration des infrastructures.,2020-01-06,2020-10-06,DELAYED
449,Hôpital public,Projet Hôpital public pour l'amélioration des infrastructures.,2020-03-19,2021-01-19,ON_GOING
450,Construction de pont,Projet Construction de pont pour l'amélioration des infrastructures.,2020-03-19,2021-02-19,DELAYED
451,Centre commercial,Projet Centre commercial pour l'amélioration des infrastructures.,2020-01-12,2022-10-12,DELAYED
452,Stade de football,Projet Stade de football pour l'amélioration des infrastructures.,2020-11-28,2024-10-28,ON_GOING
453,Centre commercial,Projet Centre commercial pour l'amélioration des infrastructures.,2020-05-02,2023-04-02,DELAYED
454,Stade de football,Projet Stade de football pour l'amélioration des infrastructures.,2020-09-19,2022-11-19,DELAYED
455,Rénovation de route,Projet Rénovation de route pour l'amélioration des infrastructures.,2020-03-12,2023-08-12,DELAYED
456,Hôpital public,Projet Hôpital public pour l'amélioration des infrastructures.,2020-05-01,2021-01-01,DELAYED
457,Centre commercial,Projet Centre commercial pour l'amélioration des infrastructures.,2020-11-28,2023-05-28,COMPLETED
458,Tour d’affaires,Projet Tour d’affaires pour l'amélioration des infrastructures.,2020-02-28,2022-07-28,COMPLETED
459,Construction de pont,Projet Construction de pont pour l'amélioration des infrastructures.,2020-12-08,2024-09-08,DELAYED
460,Stade de football,Projet Stade de football pour l'amélioration des infrastructures.,2020-01-08,2021-09-08,DELAYED
461,Construction de pont,Projet Construction de pont pour l'amélioration des infrastructures.,2020-12-12,2022-11-12,ON_GOING
462,Hôpital public,Projet Hôpital public pour l'amélioration des infrastructures.,2020-08-23,2022-03-23,COMPLETED
463,École primaire,Projet École primaire pour l'amélioration des infrastructures.,2020-04-28,2023-03-28,ON_GOING
464,Usine de production,Projet Usine de production pour l'amélioration des infrastructures.,2020-08-19,2024-07-19,ON_GOING
465,Construction de pont,Projet Construction de pont pour l'amélioration des infrastructures.,2020-12-19,2022-11-19,DELAYED
466,Tour d’affaires,Projet Tour d’affaires pour l'amélioration des infrastructures.,2020-05-16,2022-06-16,DELAYED
467,Tour d’affaires,Projet Tour d’affaires pour l'amélioration des infrastructures.,2020-04-19,2022-03-19,DELAYED
468,Usine de production,Projet Usine de production pour l'amélioration des infrastructures.,2020-04-09,2023-07-09,DELAYED
469,Construction de pont,Projet Construction de pont pour l'amélioration des infrastructures.,2020-04-11,2021-02-11,DELAYED
470,Aéroport régional,Projet Aéroport régional pour l'amélioration des infrastructures.,2020-03-28,2022-05-28,DELAYED
471,Stade de football,Projet Stade de football pour l'amélioration des infrastructures.,2020-06-23,2020-12-23,DELAYED
472,Aéroport régional,Projet Aéroport régional pour l'amélioration des infrastructures.,2020-01-18,2021-08-18,ON_GOING
473,École primaire,Projet École primaire pour l'amélioration des infrastructures.,2020-08-10,2022-05-10,DELAYED
474,Immeuble résidentiel,Projet Immeuble résidentiel pour l'amélioration des infrastructures.,2020-02-22,2021-04-22,DELAYED
475,Hôpital public,Projet Hôpital public pour l'amélioration des infrastructures.,2020-01-08,2022-07-08,DELAYED
476,École primaire,Projet École primaire pour l'amélioration des infrastructures.,2020-06-15,2023-08-15,ON_GOING
477,Stade de football,Projet Stade de football pour l'amélioration des infrastructures.,2020-04-26,2023-01-26,DELAYED
478,Hôpital public,Projet Hôpital public pour l'amélioration des infrastructures.,2020-02-11,2022-04-11,ON_GOING
479,École primaire,Projet École primaire pour l'amélioration des infrastructures.,2020-10-24,2024-07-24,ON_GOING
480,Construction de pont,Projet Construction de pont pour l'amélioration des infrastructures.,2020-07-22,2024-02-22,DELAYED
481,Construction de pont,Projet Construction de pont pour l'amélioration des infrastructures.,2020-02-17,2021-10-17,DELAYED
482,Centre commercial,Projet Centre commercial pour l'amélioration des infrastructures.,2020-07-18,2023-10-18,ON_GOING
483,Construction de pont,Projet Construction de pont pour l'amélioration des infrastructures.,2020-12-13,2023-08-13,ON_GOING
484,Usine de production,Projet Usine de production pour l'amélioration des infrastructures.,2020-02-09,2023-12-09,DELAYED
485,Usine de production,Projet Usine de production pour l'amélioration des infrastructures.,2020-06-27,2024-05-27,DELAYED
486,Hôpital public,Projet Hôpital public pour l'amélioration des infrastructures.,2020-03-07,2022-07-07,COMPLETED
487,Centre commercial,Projet Centre commercial pour l'amélioration des infrastructures.,2020-06-07,2021-05-07,ON_GOING
488,Immeuble résidentiel,Projet Immeuble résidentiel pour l'amélioration des infrastructures.,2020-12-08,2022-02-08,DELAYED
489,Tour d’affaires,Projet Tour d’affaires pour l'amélioration des infrastructures.,2020-01-08,2020-07-08,ON_GOING
490,Hôpital public,Projet Hôpital public pour l'amélioration des infrastructures.,2020-02-20,2021-06-20,DELAYED
491,Stade de football,Projet Stade de football pour l'amélioration des infrastructures.,2020-06-14,2024-02-14,ON_GOING
492,Aéroport régional,Projet Aéroport régional pour l'amélioration des infrastructures.,2020-11-15,2022-07-15,DELAYED
493,Aéroport régional,Projet Aéroport régional pour l'amélioration des infrastructures.,2020-04-14,2022-08-14,DELAYED
494,Rénovation de route,Projet Rénovation de route pour l'amélioration des infrastructures.,2020-09-01,2021-10-01,COMPLETED
495,Usine de production,Projet Usine de production pour l'amélioration des infrastructures.,2020-06-01,2022-12-01,ON_GOING
496,Hôpital public,Projet Hôpital public pour l'amélioration des infrastructures.,2020-08-22,2023-04-22,ON_GOING
497,Immeuble résidentiel,Projet Immeuble résidentiel pour l'amélioration des infrastructures.,2020-08-12,2023-03-12,DELAYED
498,Rénovation de route,Projet Rénovation de route pour l'amélioration des infrastructures.,2020-05-17,2021-12-17,DELAYED
499,Centre commercial,Projet Centre commercial pour l'amélioration des infrastructures.,2020-03-19,2021-06-19,DELAYED
500,Logements sociaux,Projet Logements sociaux pour l'amélioration des infrastructures.,2020-02-06,2022-06-06,DELAYED
